Survived,Pclass,Age,Family_Size,Sex_male,Embarked_Q,Embarked_S,Age_Group,Fare_log
0,3,-0.5512741243446886,0.059159876663617696,True,False,True,19-30,-0.8797405693934278
1,1,0.616572259031395,0.059159876663617696,False,False,False,31-50,1.3612199269233833
1,3,-0.25931252850066766,-0.5609748304808925,False,False,True,19-30,-0.798539974052802
1,1,0.39760106214837937,0.059159876663617696,False,False,True,31-50,1.0620380556287106
0,3,0.39760106214837937,-0.5609748304808925,True,False,True,31-50,-0.7841792430073967
0,3,0.41087888728583893,-0.5609748304808925,True,True,False,31-50,-0.7386163019798164
0,1,1.7844186424074786,-0.5609748304808925,True,False,True,51-80,1.038145562232327
0,3,-2.011082103564793,1.9195639980971482,True,False,True,0-12,0.1364991380659541
1,3,-0.18632212953966246,0.6792945838081278,False,False,True,19-30,-0.48145578049281335
1,2,-1.1351973160327304,0.059159876663617696,False,False,False,13-18,0.4894379098126231
1,3,-1.8651013056427825,0.6792945838081278,False,False,True,0-12,-0.09156500424402261
1,1,2.0763802382514998,-0.5609748304808925,False,False,True,51-80,0.36526093570402607
0,3,-0.697254922266699,-0.5609748304808925,True,False,True,19-30,-0.7841792430073967
0,3,-1.1351973160327304,-0.5609748304808925,False,False,True,13-18,-0.806763380796033
1,2,1.8574090413684838,-0.5609748304808925,False,False,True,51-80,-0.13322852057373055
0,3,-2.011082103564793,2.5396987052416584,True,True,False,0-12,0.457519539438721
1,2,0.15732451454760416,-0.5609748304808925,True,False,True,31-50,-0.3336984726090336
0,3,0.10563946630435846,0.059159876663617696,False,False,True,31-50,-0.01838583697289204
1,3,-1.0244952109418723,-0.5609748304808925,False,False,False,13-18,-0.8828741679067217
0,2,0.39760106214837937,-0.5609748304808925,True,False,True,31-50,0.3444394801955362
1,2,0.32461066318737414,-0.5609748304808925,True,False,True,31-50,-0.3336984726090336
1,3,-1.0622069170717252,-0.5609748304808925,False,True,False,13-18,-0.7865550587251358
1,1,-0.11333173057865721,-0.5609748304808925,True,False,True,19-30,0.6557188297748954
0,3,-1.5731397097987618,1.9195639980971482,False,False,True,0-12,0.1364991380659541
0,3,0.1922082518054121,-0.5609748304808925,True,False,False,31-50,-0.8828741679067217
0,1,-0.7702453212277043,2.5396987052416584,True,False,True,19-30,2.6987007794454887
1,3,-0.6866099097960051,-0.5609748304808925,False,True,False,19-30,-0.8038521494426432
0,3,-0.18450697324888476,-0.5609748304808925,True,False,True,19-30,-0.8019236166026618
0,1,0.7625530569534055,-0.5609748304808925,True,False,False,31-50,0.4082334475616762
1,1,0.4267972217327819,0.059159876663617696,False,False,False,31-50,2.097794920021772
1,3,-0.4905567502594853,-0.5609748304808925,False,True,False,19-30,-0.8189865811572414
0,2,2.660303429939541,-0.5609748304808925,True,False,True,51-80,-0.5368057694182641
0,1,-0.11333173057865721,0.059159876663617696,True,False,False,19-30,1.5060857797883969
0,1,0.9085338548754159,0.059159876663617696,True,False,True,31-50,1.0408277503255374
1,3,-0.3602856216633486,-0.5609748304808925,True,False,False,19-30,-0.8823470582632056
0,3,-0.6242645233056938,-0.5609748304808925,True,False,True,19-30,-0.7841792430073967
0,3,-0.8432357201887095,0.6792945838081278,False,False,True,13-18,-0.01838583697289204
1,3,-1.1351973160327304,0.059159876663617696,False,False,False,13-18,-0.47227211715402734
0,3,0.7625530569534055,0.059159876663617696,False,False,True,31-50,-0.6331972544104215
0,2,-0.18632212953966246,0.059159876663617696,False,False,True,19-30,0.1329851701219792
0,3,0.1534839375720262,-0.5609748304808925,True,False,False,31-50,-0.8019236166026618
1,2,-1.9380917046037878,1.299429290952638,False,False,False,0-12,0.8147822510349934
1,3,-0.7702453212277043,-0.5609748304808925,False,True,False,19-30,-0.8038521494426432
0,3,0.07238545171811425,-0.5609748304808925,True,False,True,31-50,-0.7841792430073967
0,3,0.34736817168565076,0.059159876663617696,True,True,False,31-50,-0.16405229962564447
0,3,-0.4682779581927786,0.6792945838081278,True,False,False,19-30,0.16437971416667366
0,3,-0.8432357201887095,0.059159876663617696,False,False,True,13-18,-0.029312075627065143
0,3,-1.646130108759767,2.5396987052416584,True,False,True,0-12,0.7678594338107121
0,3,-0.6242645233056938,-0.5609748304808925,True,False,True,19-30,-0.8131032608653792
1,1,1.4194666476024524,0.059159876663617696,False,False,False,31-50,1.4362199751817062
1,2,-0.04034133161765199,0.059159876663617696,False,False,True,19-30,0.3444394801955362
0,1,2.587313030978536,0.059159876663617696,True,False,False,51-80,1.2189504454470093
1,1,0.6713515534516301,-0.5609748304808925,True,False,True,31-50,0.6557188297748954
1,2,-0.6242645233056938,-0.5609748304808925,False,False,True,19-30,-0.5368057694182641
0,3,-0.07683653109815461,-0.5609748304808925,True,False,False,19-30,-0.8823470582632056
1,2,-1.7921109066817775,1.299429290952638,False,False,True,0-12,0.40928266156909443
0,3,-0.5512741243446886,-0.5609748304808925,True,False,False,19-30,-0.8823470582632056
1,1,0.616572259031395,-0.5609748304808925,False,False,True,31-50,1.4787785499834798
0,1,1.1275050517584315,0.059159876663617696,True,False,True,31-50,1.5221510751129648
0,3,-1.8651013056427825,2.5396987052416584,True,False,True,0-12,0.4146557174979072
0,1,0.6549895390178708,-0.5609748304808925,True,False,False,31-50,0.4082334475616762
1,3,-0.7561314110819446,0.6792945838081278,True,False,False,19-30,-0.1800831698720664
1,2,-0.04034133161765199,-0.5609748304808925,False,False,True,19-30,-0.5368057694182641
0,3,-0.7702453212277043,-0.5609748304808925,True,False,True,19-30,-0.7718965778779472
0,3,-0.25931252850066766,0.6792945838081278,True,False,True,19-30,-0.7165619336211217
0,2,0.17862986526536367,-0.5609748304808925,True,False,True,31-50,-0.5368057694182641
0,2,-0.6242645233056938,-0.5609748304808925,True,False,True,19-30,1.3924082286355355
0,3,-0.25931252850066766,0.059159876663617696,True,False,False,19-30,-0.23166125968823223
1,3,0.17862986526536367,-0.5609748304808925,True,False,True,31-50,1.1248955097361604
0,3,-0.3323029274616729,-0.5609748304808925,True,False,True,19-30,-0.830854756854953
1,2,-2.0964808703491693,0.6792945838081278,True,False,True,0-12,0.4532263111425748
1,3,0.03264906734335324,-0.5609748304808925,False,False,True,19-30,-0.37316263612134226
0,3,-0.5512741243446886,-0.5609748304808925,True,False,True,19-30,-0.6811127586453682
1,3,-0.04034133161765199,-0.5609748304808925,True,False,True,19-30,-0.6307359423566569
1,3,-0.5841520202382984,-0.5609748304808925,False,True,False,19-30,-0.8145709511162281
0,1,-0.11333173057865721,-0.5609748304808925,True,False,True,19-30,0.940663265248102
1,2,-0.9162261191497147,-0.5609748304808925,False,False,True,13-18,-0.5368057694182641
1,3,0.2516202642263689,1.299429290952638,False,False,True,31-50,-0.1423794216910609
0,3,-0.98921651811072,1.9195639980971482,True,False,True,13-18,0.6233938271906204
1,1,-0.47828372538368336,2.5396987052416584,False,False,True,19-30,2.6987007794454887
0,3,-0.4052933264226781,-0.5609748304808925,True,False,True,19-30,-0.7841792430073967
0,3,-0.04034133161765199,-0.5609748304808925,True,False,True,19-30,-0.7841792430073967
0,3,-0.697254922266699,-0.5609748304808925,True,False,True,19-30,-0.806763380796033
0,1,1.2004954507194368,0.059159876663617696,True,False,True,31-50,1.2056809915054134
0,3,-0.25931252850066766,1.299429290952638,True,False,True,19-30,0.11284358066326507
0,3,2.1493706372125048,-0.5609748304808925,True,False,True,51-80,-0.8797405693934278
1,1,-0.47828372538368336,0.059159876663617696,True,False,False,19-30,1.241316266924983
1,2,0.32461066318737414,0.059159876663617696,False,False,True,31-50,0.2228261499229997
0,2,0.32461066318737414,0.059159876663617696,True,False,True,31-50,0.3444394801955362
0,3,-0.11333173057865721,-0.5609748304808925,False,False,True,19-30,-0.8019236166026618
0,1,-0.6242645233056938,0.059159876663617696,True,False,True,19-30,1.443609675522841
0,3,0.2516202642263689,-0.5609748304808925,True,False,True,31-50,-0.7174492400289059
0,3,0.5435818600703898,0.6792945838081278,True,False,True,31-50,-0.798539974052802
0,3,-0.11333173057865721,-0.5609748304808925,True,False,True,19-30,-0.8019236166026618
1,3,-0.6242645233056938,-0.5609748304808925,False,False,True,19-30,-0.830854756854953
1,3,0.04163971989229676,-0.5609748304808925,True,False,True,31-50,-0.8160407306065733
0,3,0.616572259031395,-0.5609748304808925,True,False,True,31-50,-0.8019236166026618
1,3,-0.6642713719806537,0.059159876663617696,False,True,False,19-30,0.2711522804976662
0,1,1.273485849680442,-0.5609748304808925,True,False,True,31-50,1.0408277503255374
0,3,-1.0987021165522277,0.059159876663617696,False,False,False,13-18,-0.23166125968823223
0,3,-0.5512741243446886,-0.5609748304808925,True,False,True,19-30,-0.7841792430073967
0,3,-0.697254922266699,0.059159876663617696,False,False,True,19-30,-0.5992616204389827
0,3,-0.9162261191497147,-0.5609748304808925,False,False,False,13-18,-0.23138736843472296
0,3,-0.6242645233056938,-0.5609748304808925,True,False,True,19-30,-0.798539974052802
0,3,2.988760225264065,-0.5609748304808925,True,True,False,51-80,-0.8189865811572414
0,2,-0.04034133161765199,0.059159876663617696,True,False,True,19-30,0.1329851701219792
0,1,-0.4052933264226781,0.059159876663617696,True,False,False,19-30,2.6363132839087284
0,2,-0.6242645233056938,0.6792945838081278,True,False,True,19-30,1.3924082286355355
0,2,0.2151250647458663,0.059159876663617696,True,False,False,31-50,0.4894379098126231
1,2,0.2151250647458663,-0.5609748304808925,False,False,True,31-50,-0.3336984726090336
0,1,1.7844186424074786,0.059159876663617696,True,False,True,51-80,1.443609675522841
1,3,-1.281178113954741,0.059159876663617696,True,False,False,0-12,-0.47227211715402734
0,3,1.0762778119320806,-0.5609748304808925,True,True,False,31-50,-0.8189865811572414
1,3,-0.4052933264226781,-0.5609748304808925,True,False,True,19-30,-0.8933844909173265
1,3,-0.6005304785768735,0.6792945838081278,False,False,False,19-30,0.19484336402527688
0,3,1.1275050517584315,-0.5609748304808925,True,False,True,31-50,-0.9147445967366699
0,3,0.2516202642263689,-0.5609748304808925,True,False,False,31-50,-0.8019236166026618
0,3,-0.697254922266699,-0.5609748304808925,True,False,True,19-30,-0.9050797531497118
0,3,1.273485849680442,0.059159876663617696,False,False,True,31-50,-0.2286058134653583
0,2,-0.3323029274616729,-0.5609748304808925,True,False,True,19-30,-0.3336984726090336
0,2,-0.47828372538368336,-0.5609748304808925,True,False,False,19-30,-0.19287328396337328
1,1,-0.7702453212277043,0.6792945838081278,False,False,True,19-30,0.3552168481314282
0,1,0.5435818600703898,0.059159876663617696,True,False,True,31-50,1.0620380556287106
0,3,-0.98921651811072,-0.5609748304808925,True,False,True,13-18,-0.6589770356240848
0,1,-0.4052933264226781,-0.5609748304808925,True,False,False,19-30,1.4685301291949246
0,3,-0.5005457970667899,0.6792945838081278,False,False,False,19-30,-0.1800831698720664
1,3,-0.5512741243446886,-0.5609748304808925,False,False,True,19-30,-0.8189865811572414
1,3,-0.4052933264226781,0.059159876663617696,False,False,True,19-30,-0.1423794216910609
0,3,-0.7702453212277043,-0.5609748304808925,True,True,False,19-30,-0.9442940832331417
0,2,-0.8432357201887095,-0.5609748304808925,True,False,True,13-18,-0.4507125974257932
0,2,-0.7702453212277043,0.6792945838081278,True,False,True,19-30,0.6904870950626278
1,3,-0.18632212953966246,-0.5609748304808925,True,False,True,19-30,-0.8135961720983267
0,3,-1.5001493108377566,1.9195639980971482,False,False,True,0-12,0.6233938271906204
0,2,0.5070866605898872,0.6792945838081278,True,False,True,31-50,0.3444394801955362
0,2,0.9085338548754159,-0.5609748304808925,True,False,True,31-50,-0.3336984726090336
0,2,1.565447445524463,-0.5609748304808925,True,False,True,51-80,-0.3693384839068557
1,1,-0.5512741243446886,0.059159876663617696,False,False,True,19-30,1.2920564383571118
0,3,1.8939042408489866,-0.5609748304808925,True,False,True,51-80,-0.7841792430073967
0,3,0.7990482564339081,0.6792945838081278,True,False,True,31-50,-0.2286058134653583
0,3,0.03684423171028753,-0.5609748304808925,True,False,True,31-50,-0.8719479292525482
0,1,1.565447445524463,0.059159876663617696,True,False,False,51-80,1.2090665177433995
1,3,-0.98921651811072,-0.5609748304808925,False,True,False,13-18,-0.8209591021193487
0,3,0.03264906734335324,-0.5609748304808925,True,False,True,19-30,-0.7841792430073967
0,3,-0.36873842271598595,-0.5609748304808925,True,False,True,19-30,-0.7165619336211217
0,3,1.0545146527974265,0.059159876663617696,True,False,True,31-50,-0.12717266791993012
1,2,0.7625530569534055,-0.5609748304808925,False,False,True,31-50,-0.1485253917280838
0,3,-0.25931252850066766,-0.5609748304808925,True,False,True,19-30,-0.8160407306065733
0,3,-0.9162261191497147,-0.5609748304808925,True,False,True,13-18,-0.7165619336211217
0,3,-2.0840725025257982,2.5396987052416584,True,False,True,0-12,0.7678594338107121
1,3,-1.5001493108377566,0.6792945838081278,True,False,True,0-12,0.11044794172866994
1,1,-0.2941532789380542,0.059159876663617696,False,False,True,19-30,1.0976780669265336
0,3,1.1275050517584315,2.5396987052416584,False,False,True,31-50,0.4146557174979072
0,1,1.5928553403343206,-0.5609748304808925,True,False,True,51-80,0.34156737843370105
0,3,-0.11333173057865721,-0.5609748304808925,True,False,True,19-30,1.1248955097361604
0,1,2.2953514351345152,-0.5609748304808925,True,False,True,51-80,0.5975333003696796
0,3,-1.8651013056427825,2.5396987052416584,True,True,False,0-12,0.457519539438721
1,3,-2.0840725025257982,0.6792945838081278,False,False,True,0-12,-0.48145578049281335
0,1,1.930399440329489,-0.5609748304808925,True,False,False,51-80,0.5100012756239033
0,3,-0.8432357201887095,0.6792945838081278,True,False,True,13-18,-0.806763380796033
0,3,-1.537665217325952,1.9195639980971482,True,False,True,0-12,0.32384119624754826
0,1,1.4924570465634577,-0.5609748304808925,False,False,False,31-50,0.4432836100273541
0,2,0.03264906734335324,-0.5609748304808925,True,False,True,19-30,-0.3336984726090336
0,2,-0.08304071500984012,-0.5609748304808925,True,False,False,19-30,-0.19260305647698941
1,2,-2.0840725025257982,1.299429290952638,True,False,True,0-12,0.750263780890198
1,3,-1.8651013056427825,0.6792945838081278,False,False,True,0-12,0.1800041951014629
0,1,0.9950274776442073,-0.5609748304808925,True,False,True,31-50,1.0011105492142125
1,3,-0.7136615419442672,0.059159876663617696,False,True,False,19-30,-0.16405229962564447
1,1,1.1275050517584315,-0.5609748304808925,True,False,True,31-50,0.36526093570402607
0,3,0.7625530569534055,0.6792945838081278,True,True,False,31-50,-0.16405229962564447
0,3,0.4705914611093846,-0.5609748304808925,True,False,True,31-50,-0.8019236166026618
1,2,0.17862986526536367,-0.5609748304808925,False,False,True,31-50,-0.3336984726090336
0,2,-0.7702453212277043,-0.5609748304808925,True,False,True,19-30,-0.3336984726090336
1,3,-0.7702453212277043,0.059159876663617696,False,False,True,19-30,-0.806763380796033
1,2,-1.9380917046037878,0.6792945838081278,True,False,True,0-12,0.3444394801955362
1,1,1.0545146527974265,-0.5609748304808925,False,False,False,31-50,0.4082334475616762
1,1,2.0763802382514998,-0.5609748304808925,False,False,False,51-80,2.097794920021772
0,3,0.9085338548754159,0.059159876663617696,True,False,True,31-50,-0.7445391097425897
0,2,-0.4052933264226781,-0.5609748304808925,False,False,True,19-30,-0.3336984726090336
0,3,-0.11333173057865721,-0.5609748304808925,True,False,True,19-30,-0.6307359423566569
0,3,0.32461066318737414,-0.5609748304808925,True,False,True,31-50,-0.9787286015064478
0,3,1.1640002512389342,-0.5609748304808925,True,False,False,31-50,-0.8828741679067217
1,3,-0.8432357201887095,-0.5609748304808925,True,False,True,13-18,-0.7841792430073967
0,3,-2.011082103564793,0.059159876663617696,False,False,True,0-12,-0.5401781836878246
0,3,0.17862986526536367,0.059159876663617696,True,False,True,31-50,-0.1423794216910609
1,3,-0.25931252850066766,-0.5609748304808925,True,False,False,19-30,0.023546289947323752
1,3,-0.98921651811072,-0.5609748304808925,False,True,False,13-18,-0.8189865811572414
1,1,0.7625530569534055,-0.5609748304808925,True,False,False,31-50,0.5198636196706229
0,3,-0.4052933264226781,-0.5609748304808925,True,False,True,19-30,-0.9050797531497118
1,2,0.39760106214837937,-0.5609748304808925,False,False,True,31-50,0.1329851701219792
0,3,-0.5512741243446886,-0.5609748304808925,True,False,True,19-30,-0.8797405693934278
0,3,0.7326485718901984,0.059159876663617696,True,True,False,31-50,-0.8189865811572414
1,1,0.10563946630435846,0.059159876663617696,False,False,False,31-50,1.834129231109428
1,3,-0.18632212953966246,-0.5609748304808925,False,False,True,19-30,-0.798539974052802
0,2,0.9085338548754159,0.059159876663617696,True,False,True,31-50,0.3819897971587497
1,1,0.17862986526536367,-0.5609748304808925,False,False,False,31-50,1.4303920040723752
0,2,0.03264906734335324,-0.5609748304808925,True,False,True,19-30,-0.5368057694182641
1,3,-0.98921651811072,-0.5609748304808925,True,False,True,13-18,-0.7841792430073967
0,2,-0.18632212953966246,-0.5609748304808925,True,False,True,19-30,-0.3336984726090336
0,3,1.565447445524463,-0.5609748304808925,True,False,True,51-80,-0.7841792430073967
1,1,0.616572259031395,0.059159876663617696,True,False,True,31-50,1.5989745568795648
0,3,-0.5512741243446886,-0.5609748304808925,True,False,True,19-30,-0.6455926003653025
1,2,-0.7702453212277043,-0.5609748304808925,True,False,True,19-30,-0.5368057694182641
0,3,-0.6607597227861964,-0.5609748304808925,True,False,True,19-30,-0.8797405693934278
0,2,-0.8432357201887095,-0.5609748304808925,True,False,True,13-18,-0.3336984726090336
0,3,-1.4943819107420757,1.9195639980971482,False,False,True,0-12,0.32384119624754826
1,1,0.39760106214837937,0.059159876663617696,False,False,True,31-50,1.5221510751129648
0,3,-0.04034133161765199,-0.5609748304808925,True,False,True,19-30,-0.8160407306065733
0,2,2.1493706372125048,-0.5609748304808925,True,False,True,51-80,-0.29746598596845064
0,2,-0.4052933264226781,-0.5609748304808925,True,False,True,19-30,-0.5368057694182641
0,3,-0.585579611856361,-0.5609748304808925,False,False,True,19-30,-0.8428609376877135
0,2,1.0545146527974265,0.059159876663617696,True,False,True,31-50,0.3444394801955362
1,2,-1.5731397097987618,0.6792945838081278,False,False,True,0-12,0.35395586016517094
0,2,-0.7702453212277043,-0.5609748304808925,True,False,True,19-30,-0.5368057694182641
0,2,0.2516202642263689,-0.5609748304808925,True,False,True,31-50,-0.3886024739916458
0,3,-0.9757984497683888,0.059159876663617696,False,False,False,13-18,-0.23166125968823223
0,2,-0.04034133161765199,-0.5609748304808925,True,False,True,19-30,-0.5368057694182641
0,3,-0.5512741243446886,-0.5609748304808925,True,False,True,19-30,-0.8955045384601199
0,3,0.03264906734335324,-0.5609748304808925,True,False,False,19-30,-0.8828741679067217
0,1,1.0545146527974265,0.6792945838081278,True,True,False,31-50,1.5989745568795648
0,3,-0.3323029274616729,-0.5609748304808925,False,False,True,19-30,-0.8160407306065733
1,2,-0.4052933264226781,0.6792945838081278,False,False,True,19-30,-0.2286058134653583
1,1,0.5435818600703898,0.6792945838081278,True,False,True,31-50,1.0515683442816504
0,2,1.7844186424074786,0.059159876663617696,True,False,True,51-80,0.3444394801955362
0,3,0.03684423171028753,-0.5609748304808925,True,False,True,31-50,-0.8797405693934278
0,3,-0.04034133161765199,0.6792945838081278,False,False,True,19-30,-0.5401781836878246
0,1,2.3683418340955207,-0.5609748304808925,True,False,True,51-80,0.36526093570402607
0,3,0.03264906734335324,0.059159876663617696,True,False,True,19-30,-0.12717266791993012
0,3,0.8355434559144107,0.6792945838081278,False,False,True,31-50,0.09534793704965058
1,3,-0.04034133161765199,0.6792945838081278,False,False,False,19-30,-0.1800831698720664
1,1,0.37411900808263826,-0.5609748304808925,False,False,False,31-50,1.4685301291949246
1,1,0.03264906734335324,-0.5609748304808925,False,False,True,19-30,1.5584783893656837
1,2,1.4924570465634577,0.059159876663617696,False,False,True,31-50,0.3444394801955362
0,1,1.6384378444854681,0.6792945838081278,True,False,True,51-80,1.4743073772537167
0,3,-0.4905567502594853,-0.5609748304808925,False,True,False,19-30,-0.8189865811572414
0,2,0.4705914611093846,-0.5609748304808925,True,False,True,31-50,-0.5368057694182641
0,3,-0.98921651811072,2.5396987052416584,True,False,True,13-18,0.7678594338107121
1,3,-0.3323029274616729,0.059159876663617696,True,False,True,19-30,-0.8160407306065733
1,1,2.0763802382514998,0.059159876663617696,False,False,True,51-80,2.14527242190355
1,1,0.39760106214837937,-0.5609748304808925,False,False,True,31-50,2.0186331792044068
0,1,1.2983512455931572,-0.5609748304808925,True,False,True,31-50,0.5198636196706229
1,2,0.8355434559144107,0.059159876663617696,False,False,True,31-50,0.06007112543995847
0,1,0.5435818600703898,0.059159876663617696,True,False,False,31-50,0.4770416648490861
1,1,2.4413322330565257,0.059159876663617696,False,False,True,51-80,1.452419049919151
0,3,1.1275050517584315,-0.5609748304808925,False,False,True,31-50,-0.8189865811572414
0,3,-1.646130108759767,2.5396987052416584,True,True,False,0-12,0.457519539438721
1,3,0.39760106214837937,0.6792945838081278,False,False,True,31-50,0.0971716406458445
0,3,2.587313030978536,-0.5609748304808925,True,True,False,51-80,-0.8189865811572414
0,3,-0.11333173057865721,-0.5609748304808925,True,False,True,19-30,-0.806763380796033
0,3,-0.98921651811072,-0.5609748304808925,True,False,True,13-18,-0.6307359423566569
1,3,-0.7702453212277043,-0.5609748304808925,True,False,True,19-30,-0.7841792430073967
0,1,1.8759364376380856,-0.5609748304808925,True,False,True,51-80,0.3444394801955362
0,3,0.2516202642263689,-0.5609748304808925,True,False,False,31-50,-0.7165619336211217
1,3,0.03264906734335324,-0.5609748304808925,True,False,True,19-30,-0.6307359423566569
0,3,-0.5512741243446886,-0.5609748304808925,True,False,True,19-30,-0.8019236166026618
1,2,0.9085338548754159,-0.5609748304808925,True,False,True,31-50,-0.3336984726090336
1,3,-0.5512741243446886,-0.5609748304808925,False,True,False,19-30,-0.8189865811572414
1,1,-0.25931252850066766,-0.5609748304808925,False,False,True,19-30,1.464014258564117
1,1,-0.7702453212277043,0.059159876663617696,False,False,False,19-30,1.6111475224786775
0,2,0.4705914611093846,-0.5609748304808925,True,False,False,31-50,-0.3429588030007618
0,3,-0.4052933264226781,-0.5609748304808925,False,False,True,19-30,-0.6967178907118832
0,3,-0.4052933264226781,-0.5609748304808925,True,False,True,19-30,-0.8019236166026618
0,3,-0.44178852590318074,-0.5609748304808925,True,False,False,19-30,-0.8823470582632056
0,1,-2.011082103564793,1.299429290952638,False,False,True,0-12,2.132408321022389
1,1,1.105034436078294,-0.5609748304808925,True,False,True,31-50,0.5036031274312862
1,1,1.4924570465634577,0.059159876663617696,False,False,False,31-50,2.6363132839087284
1,3,-0.10533566133692288,0.6792945838081278,True,True,False,19-30,0.23352593393921808
1,2,0.327059896574732,-0.5609748304808925,False,True,False,31-50,-0.38278544498532663
1,1,-2.0899117344426785,1.299429290952638,True,False,True,0-12,2.132408321022389
1,1,-0.004576036126759543,-0.5609748304808925,False,False,False,19-30,1.812289926928167
1,1,-0.9162261191497147,0.059159876663617696,False,False,False,13-18,1.7938227894866787
0,2,0.03264906734335324,0.059159876663617696,True,False,False,19-30,0.26497567234198965
1,1,0.03264906734335324,-0.5609748304808925,False,False,False,19-30,1.1326493972880125
1,1,-0.4052933264226781,-0.5609748304808925,False,False,False,19-30,1.5182728441543658
1,1,-0.8432357201887095,1.9195639980971482,False,False,False,13-18,2.6962534687059603
0,2,-0.25931252850066766,0.6792945838081278,False,False,True,19-30,0.3444394801955362
0,2,0.9815242538364212,0.6792945838081278,True,False,True,31-50,0.35395586016517094
1,3,-0.25931252850066766,-0.5609748304808925,False,False,True,19-30,-0.806763380796033
1,2,-0.4052933264226781,0.059159876663617696,False,False,True,19-30,0.3444394801955362
0,2,1.7844186424074786,-0.5609748304808925,True,False,True,51-80,-0.2624619586252086
1,1,0.10563946630435846,0.6792945838081278,False,False,True,31-50,2.218822021910339
1,1,0.7625530569534055,0.6792945838081278,False,False,False,31-50,2.010033264475824
0,3,-0.18632212953966246,-0.5609748304808925,True,False,True,19-30,-0.8019236166026618
1,2,0.03264906734335324,-0.5609748304808925,False,True,False,19-30,-0.38278544498532663
1,2,-0.5512741243446886,0.6792945838081278,False,False,True,19-30,0.4532263111425748
1,1,0.4705914611093846,-0.5609748304808925,False,False,False,31-50,2.0186331792044068
0,3,2.2953514351345152,-0.5609748304808925,True,False,True,51-80,-1.0149359989180027
1,2,0.4705914611093846,-0.5609748304808925,False,False,True,31-50,-0.3336984726090336
1,3,0.10563946630435846,0.6792945838081278,False,False,True,31-50,0.11044794172866994
1,1,-0.98921651811072,0.059159876663617696,False,False,False,13-18,1.1511968252901217
1,3,-0.6911865815975243,0.6792945838081278,False,True,False,19-30,0.23352593393921808
0,1,1.1640002512389342,-0.5609748304808925,True,False,True,31-50,0.4358726267231761
0,1,0.616572259031395,0.059159876663617696,True,False,True,31-50,2.14527242190355
0,3,-0.98921651811072,0.6792945838081278,True,False,True,13-18,-0.01838583697289204
1,1,0.11512821816928959,0.059159876663617696,False,False,True,31-50,2.003535801391161
0,1,-0.04034133161765199,0.059159876663617696,True,False,True,19-30,1.2920564383571118
1,1,0.8355434559144107,-0.5609748304808925,False,False,False,31-50,2.010033264475824
1,3,1.1275050517584315,-0.5609748304808925,True,False,True,31-50,-0.7841792430073967
0,1,1.1275050517584315,-0.5609748304808925,True,False,True,31-50,0.6557188297748954
1,2,-2.011082103564793,0.6792945838081278,True,False,True,0-12,0.3444394801955362
1,1,-0.4052933264226781,2.5396987052416584,False,False,True,19-30,2.6987007794454887
0,2,-0.11333173057865721,-0.5609748304808925,True,False,True,19-30,-0.3336984726090336
0,2,0.4705914611093846,-0.5609748304808925,True,False,True,31-50,-0.3336984726090336
1,2,-0.4052933264226781,-0.5609748304808925,False,False,True,19-30,-0.3336984726090336
1,2,0.7625530569534055,-0.5609748304808925,False,False,True,31-50,-0.3336984726090336
1,3,-0.27701270024871144,0.059159876663617696,False,False,True,19-30,-0.12717266791993012
1,3,-1.9380917046037878,0.6792945838081278,True,False,True,0-12,-0.1393201011784549
0,3,0.9085338548754159,-0.5609748304808925,True,False,True,31-50,-0.7165619336211217
0,3,-0.47828372538368336,-0.5609748304808925,True,False,True,19-30,-0.658138561741074
0,1,1.375343951430526,-0.5609748304808925,True,False,True,31-50,0.6414769499431594
0,3,-1.0622069170717252,0.6792945838081278,True,False,False,13-18,-0.8823470582632056
0,3,-0.3323029274616729,0.059159876663617696,True,False,True,19-30,-0.029312075627065143
1,1,-0.5512741243446886,0.059159876663617696,False,False,True,19-30,1.0976780669265336
0,2,0.616572259031395,-0.5609748304808925,False,False,True,31-50,-0.3336984726090336
0,3,0.7625530569534055,2.5396987052416584,True,False,True,31-50,0.4146557174979072
0,2,-0.04034133161765199,0.059159876663617696,True,False,False,19-30,0.4082334475616762
0,3,1.1275050517584315,0.059159876663617696,False,False,False,31-50,-0.23166125968823223
0,3,0.39760106214837937,-0.5609748304808925,True,False,True,31-50,-0.9050797531497118
0,3,0.03264906734335324,-0.5609748304808925,True,False,True,19-30,-0.8797405693934278
1,1,2.22236103617351,0.059159876663617696,False,False,False,51-80,1.4163815756188534
1,3,-1.0859287967340518,-0.5609748304808925,False,False,False,13-18,-0.8823470582632056
1,1,-0.4052933264226781,-0.5609748304808925,False,False,False,19-30,1.3324938581871215
1,1,-0.3323029274616729,0.059159876663617696,True,False,False,19-30,1.1057901177672143
0,3,-0.8432357201887095,0.059159876663617696,True,False,True,13-18,-0.9787286015064478
0,3,-0.7702453212277043,-0.5609748304808925,True,False,True,19-30,-0.7841792430073967
0,1,-0.5512741243446886,-0.5609748304808925,True,False,False,19-30,2.0186331792044068
0,3,-1.9380917046037878,1.9195639980971482,False,False,True,0-12,0.1364991380659541
1,1,0.2907917783354419,0.059159876663617696,False,False,False,31-50,1.5060857797883969
1,3,-0.5512741243446886,-0.5609748304808925,False,False,True,19-30,-0.8797405693934278
0,1,-0.18632212953966246,0.6792945838081278,True,False,False,19-30,2.4746366111687697
0,3,-0.697254922266699,-0.5609748304808925,True,False,False,19-30,-1.3942229498762084
0,3,-0.7702453212277043,-0.5609748304808925,True,False,True,19-30,-0.8160407306065733
1,1,0.9085338548754159,-0.5609748304808925,False,False,False,31-50,2.5497045522452972
1,3,-2.0840725025257982,0.6792945838081278,False,False,False,0-12,-0.14903715526900022
0,3,0.17862986526536367,-0.5609748304808925,True,False,True,31-50,-0.798539974052802
1,1,0.39760106214837937,0.059159876663617696,False,False,True,31-50,1.0408277503255374
0,2,-0.8432357201887095,-0.5609748304808925,True,False,True,13-18,1.3924082286355355
0,3,-0.27554883724732715,-0.5609748304808925,True,True,False,19-30,-0.8214439504217126
1,2,-0.9162261191497147,-0.5609748304808925,False,False,False,13-18,-0.4102164299119116
1,1,0.4705914611093846,1.299429290952638,True,False,True,31-50,1.8931715298766851
1,3,-0.6242645233056938,-0.5609748304808925,True,False,True,19-30,-0.8135961720983267
0,3,-0.11333173057865721,0.6792945838081278,True,False,True,19-30,-0.798539974052802
1,1,-0.47828372538368336,0.059159876663617696,False,False,False,19-30,1.834129231109428
1,3,-0.4052933264226781,0.6792945838081278,False,False,True,19-30,-0.09156500424402261
0,3,-0.5512741243446886,-0.5609748304808925,True,False,True,19-30,-0.8135961720983267
0,3,0.10563946630435846,-0.5609748304808925,False,False,True,31-50,-0.806763380796033
0,2,1.2004954507194368,-0.5609748304808925,True,False,True,31-50,0.3444394801955362
0,2,-0.47828372538368336,-0.5609748304808925,True,False,True,19-30,-0.5368057694182641
1,2,-0.11333173057865721,-0.5609748304808925,False,False,True,19-30,-0.35983961362319966
1,3,0.6895626579924002,-0.5609748304808925,True,False,True,31-50,-0.798539974052802
0,3,-0.25931252850066766,-0.5609748304808925,True,False,True,19-30,-0.7841792430073967
0,3,-0.6242645233056938,0.059159876663617696,False,False,True,19-30,-0.5992616204389827
0,3,-0.11333173057865721,0.059159876663617696,True,False,True,19-30,-0.1423794216910609
0,3,-0.697254922266699,-0.5609748304808925,False,False,True,19-30,-0.7165619336211217
0,2,0.32461066318737414,0.059159876663617696,True,False,True,31-50,0.1329851701219792
0,3,1.565447445524463,-0.5609748304808925,True,False,True,51-80,-0.8189865811572414
1,2,-1.9380917046037878,0.6792945838081278,True,False,True,0-12,0.021587667954472933
0,3,-0.6242645233056938,-0.5609748304808925,True,False,True,19-30,-0.8160407306065733
0,3,-0.4540205002623958,-0.5609748304808925,True,True,False,19-30,-0.9299653348541039
1,1,0.2516202642263689,0.059159876663617696,False,True,False,31-50,1.5989745568795648
1,3,1.0545146527974265,-0.5609748304808925,True,False,True,31-50,-0.798539974052802
0,3,-0.2848881408401438,-0.5609748304808925,False,False,True,19-30,-0.7841792430073967
1,2,0.32461066318737414,0.6792945838081278,False,False,True,31-50,0.5671628780396996
1,2,-0.8432357201887095,0.6792945838081278,False,False,True,13-18,-0.3336984726090336
0,3,-1.4271589118767514,0.6792945838081278,False,False,True,0-12,0.2711522804976662
0,3,-0.6242645233056938,-0.5609748304808925,True,True,False,19-30,-0.8209591021193487
0,3,-0.04034133161765199,-0.5609748304808925,True,False,True,19-30,-0.804340663003928
0,3,-0.11333173057865721,0.6792945838081278,False,False,True,19-30,-0.23528881360946907
0,3,-0.8432357201887095,0.6792945838081278,True,False,True,13-18,0.09534793704965058
1,2,-0.11333173057865721,0.059159876663617696,False,False,True,19-30,0.3444394801955362
1,2,-0.7702453212277043,-0.5609748304808925,False,False,True,19-30,0.3444394801955362
1,3,0.17862986526536367,-0.5609748304808925,True,False,True,31-50,-0.7841792430073967
1,1,-0.11333173057865721,-0.5609748304808925,True,False,True,19-30,0.36526093570402607
1,2,0.9085338548754159,0.059159876663617696,False,False,True,31-50,0.3444394801955362
0,3,-0.9162261191497147,-0.5609748304808925,True,False,True,13-18,-0.8955045384601199
0,1,1.4924570465634577,0.059159876663617696,True,False,True,31-50,1.1141402035210881
1,1,-1.1351973160327304,1.299429290952638,False,False,True,13-18,1.8931715298766851
0,3,-0.6242645233056938,1.9195639980971482,False,False,True,19-30,0.6233938271906204
1,2,-0.4052933264226781,2.5396987052416584,False,False,True,19-30,0.021587667954472933
0,1,2.514322632017531,2.5396987052416584,True,False,True,51-80,2.6987007794454887
0,2,0.10563946630435846,-0.5609748304808925,True,False,True,31-50,-0.5368057694182641
1,2,1.1275050517584315,0.6792945838081278,False,False,True,31-50,0.35395586016517094
0,3,-0.697254922266699,-0.5609748304808925,True,False,True,19-30,-0.6307359423566569
0,3,-0.3323029274616729,0.059159876663617696,True,False,True,19-30,-0.8160407306065733
1,2,-0.11333173057865721,-0.5609748304808925,False,False,True,19-30,-0.3336984726090336
1,3,-0.44243159318128517,-0.5609748304808925,True,False,True,19-30,-0.7770730902669089
1,1,-1.8651013056427825,0.6792945838081278,True,False,True,0-12,1.5021989568725875
1,2,-1.2081877149937357,0.059159876663617696,False,False,True,13-18,0.06007112543995847
1,1,0.32461066318737414,-0.5609748304808925,True,False,True,31-50,0.36526093570402607
1,3,-1.7921109066817775,1.299429290952638,False,False,False,0-12,0.047825129435189045
1,1,1.6384378444854681,-0.5609748304808925,True,False,True,51-80,0.5036031274312862
0,2,0.4705914611093846,1.299429290952638,True,False,True,31-50,0.40928266156909443
0,3,-0.3340911922362175,0.059159876663617696,True,False,True,19-30,0.0833137463231359
0,1,0.03264906734335324,-0.5609748304808925,True,False,False,19-30,0.40928266156909443
1,1,1.4194666476024524,0.059159876663617696,True,False,False,31-50,1.588760118059578
1,3,-0.04034133161765199,-0.5609748304808925,True,False,False,19-30,-0.8019236166026618
0,1,2.587313030978536,-0.5609748304808925,True,False,True,51-80,0.36526093570402607
1,1,0.7636479129378206,0.059159876663617696,False,False,True,31-50,1.038145562232327
1,2,1.4924570465634577,-0.5609748304808925,False,False,True,31-50,-0.5368057694182641
1,1,1.3464762486414472,-0.5609748304808925,True,False,True,31-50,0.36526093570402607
0,3,0.32461066318737414,-0.5609748304808925,True,False,True,31-50,-0.7841792430073967
0,1,1.273485849680442,-0.5609748304808925,True,False,True,31-50,0.7372759377222563
0,2,1.3464762486414472,-0.5609748304808925,True,False,True,31-50,-0.3336984726090336
0,3,0.616572259031395,-0.5609748304808925,True,False,True,31-50,-0.9050797531497118
0,1,1.930399440329489,-0.5609748304808925,True,False,True,51-80,0.36526093570402607
0,3,-0.27554883724732715,-0.5609748304808925,True,True,False,19-30,-0.8219408604763344
1,3,-2.1023201022660496,1.299429290952638,False,False,False,0-12,0.047825129435189045
0,3,0.616572259031395,-0.5609748304808925,True,False,True,31-50,-0.7165619336211217
1,2,0.2516202642263689,1.299429290952638,False,False,True,31-50,0.40928266156909443
1,2,-0.47828372538368336,-0.5609748304808925,False,False,False,19-30,-0.2769007052339032
0,3,-0.5512741243446886,-0.5609748304808925,False,False,True,19-30,-0.5980700220174994
0,1,1.1422247822155673,-0.5609748304808925,True,False,True,31-50,1.0408277503255374
0,3,-0.04034133161765199,0.059159876663617696,True,False,True,19-30,-0.9056185997745971
0,3,-0.5512741243446886,-0.5609748304808925,True,False,True,19-30,-0.8463932397472813
1,3,-2.011082103564793,0.059159876663617696,False,False,True,0-12,-0.38763069046803694
0,3,1.4924570465634577,-0.5609748304808925,True,False,True,31-50,-0.7841792430073967
1,3,2.4413322330565257,-0.5609748304808925,False,False,True,51-80,-0.6221672631581132
1,1,-0.3323029274616729,0.059159876663617696,True,False,False,19-30,1.6111475224786775
1,1,0.39760106214837937,0.059159876663617696,False,False,True,31-50,1.5989745568795648
0,1,2.0763802382514998,-0.5609748304808925,True,False,False,51-80,0.4770416648490861
1,3,-1.5001493108377566,0.6792945838081278,True,False,True,0-12,-0.1393201011784549
0,3,-0.6242645233056938,-0.5609748304808925,True,False,True,19-30,-0.8797405693934278
0,1,1.8574090413684838,-0.5609748304808925,True,False,True,51-80,0.5036031274312862
0,3,-0.5063059560514627,-0.5609748304808925,True,False,False,19-30,-0.23138736843472296
1,1,1.7844186424074786,0.059159876663617696,False,False,False,51-80,1.4564440718289613
0,3,-0.19263579904978947,-0.5609748304808925,True,False,True,19-30,-0.1893914833819289
0,1,-0.3323029274616729,1.299429290952638,False,False,True,19-30,2.132408321022389
0,3,-0.4052933264226781,-0.5609748304808925,True,False,True,19-30,-0.8135961720983267
0,3,-0.6242645233056938,-0.5609748304808925,False,True,False,19-30,-0.8189865811572414
0,3,-0.8487738667098758,-0.5609748304808925,False,True,False,13-18,-0.8333405692374476
0,3,0.5435818600703898,-0.5609748304808925,False,False,True,31-50,-0.6221672631581132
1,1,-0.98921651811072,-0.5609748304808925,False,False,True,13-18,1.5584783893656837
0,1,-0.8432357201887095,0.059159876663617696,True,False,False,13-18,1.7938227894866787
1,2,0.2516202642263689,0.6792945838081278,False,False,True,31-50,0.3444394801955362
1,1,1.5309041352452082,-0.5609748304808925,True,False,True,51-80,0.36526093570402607
0,3,-0.11333173057865721,-0.5609748304808925,True,False,True,19-30,0.20218592718197398
1,3,-0.25931252850066766,-0.5609748304808925,True,False,True,19-30,1.1248955097361604
1,3,-0.04034133161765199,-0.5609748304808925,True,True,False,19-30,-0.8189865811572414
1,1,0.4705914611093846,-0.5609748304808925,True,False,True,31-50,0.3553757823476229
1,1,1.7844186424074786,0.059159876663617696,False,False,False,51-80,1.1757752036108362
0,3,-0.4052933264226781,-0.5609748304808925,True,False,True,19-30,-0.8494271027413144
0,1,1.273485849680442,-0.5609748304808925,True,False,True,31-50,0.6130033879569109
1,2,0.32461066318737414,-0.5609748304808925,False,False,True,31-50,-0.5368057694182641
0,3,0.27089248117425746,-0.5609748304808925,True,True,False,31-50,0.2711522804976662
1,2,0.4705914611093846,0.059159876663617696,False,False,True,31-50,0.3444394801955362
0,3,0.17862986526536367,-0.5609748304808925,True,False,True,31-50,-0.8019236166026618
1,1,0.03264906734335324,-0.5609748304808925,False,False,True,19-30,1.6379421972192298
1,1,1.0545146527974265,0.059159876663617696,False,False,False,31-50,1.1511968252901217
0,3,-0.3602856216633486,-0.5609748304808925,True,False,False,19-30,-0.8823470582632056
0,3,0.7990482564339081,-0.5609748304808925,True,True,False,31-50,-0.8189865811572414
0,1,0.141891364454991,-0.5609748304808925,True,False,True,31-50,2.523411982756633
0,3,0.6895626579924002,-0.5609748304808925,True,False,True,31-50,-0.798539974052802
0,2,-0.47828372538368336,1.299429290952638,True,False,True,19-30,-0.4507125974257932
1,2,-2.011082103564793,0.6792945838081278,False,False,True,0-12,0.3444394801955362
0,3,-0.9162261191497147,0.6792945838081278,True,False,False,13-18,-0.8823470582632056
1,3,-1.5427270435650098,0.6792945838081278,False,False,False,0-12,0.19484336402527688
0,3,0.03264906734335324,-0.5609748304808925,False,False,True,19-30,-0.7165619336211217
1,2,-1.646130108759767,0.6792945838081278,False,False,True,0-12,0.35395586016517094
0,1,1.1275050517584315,-0.5609748304808925,True,False,True,31-50,0.36526093570402607
1,1,0.03264906734335324,-0.5609748304808925,False,False,False,19-30,1.7703041212742283
0,3,-0.3949286897702154,-0.5609748304808925,True,False,True,19-30,-0.2286058134653583
1,1,-0.5512741243446886,0.6792945838081278,False,False,False,19-30,0.9909378569025421
1,1,0.4705914611093846,0.6792945838081278,False,False,True,31-50,1.3571652197109427
1,2,0.17862986526536367,0.059159876663617696,True,False,True,31-50,0.3444394801955362
0,1,1.4924570465634577,0.059159876663617696,True,False,False,31-50,1.7703041212742283
0,1,2.514322632017531,-0.5609748304808925,True,False,True,51-80,0.3444394801955362
1,2,-0.7702453212277043,0.059159876663617696,False,False,True,19-30,0.3444394801955362
1,2,0.06544000407658453,-0.5609748304808925,True,False,False,31-50,-0.27197037165090676
0,3,0.2516202642263689,0.6792945838081278,True,False,True,31-50,0.11044794172866994
1,2,-1.5731397097987618,0.6792945838081278,True,False,True,0-12,0.6904870950626278
1,1,-0.9162261191497147,0.6792945838081278,True,False,False,13-18,1.812289926928167
0,2,-0.18632212953966246,-0.5609748304808925,True,False,True,19-30,0.3444394801955362
0,3,0.6075016089160694,-0.5609748304808925,True,True,False,31-50,-0.809682843697731
1,3,-0.5512741243446886,-0.5609748304808925,True,False,False,19-30,-0.8828741679067217
1,3,-0.5512741243446886,-0.5609748304808925,False,False,True,19-30,-0.8160407306065733
1,1,1.3464762486414472,0.059159876663617696,False,False,False,31-50,0.7656365698356679
0,1,0.10067611917501,-0.5609748304808925,True,False,False,31-50,2.5497045522452972
1,1,0.6895626579924002,0.6792945838081278,False,False,True,31-50,1.4743073772537167
1,3,0.4705914611093846,0.059159876663617696,False,False,True,31-50,-0.05151766087005573
0,3,0.7625530569534055,-0.5609748304808925,True,False,True,31-50,-0.8019236166026618
0,2,-0.11333173057865721,-0.5609748304808925,True,False,True,19-30,-0.29746598596845064
0,3,-0.4052933264226781,0.6792945838081278,True,False,True,19-30,0.2711522804976662
0,3,-0.7702453212277043,-0.5609748304808925,True,False,True,19-30,-0.8019236166026618
0,3,-0.04034133161765199,1.9195639980971482,False,False,True,19-30,0.1364991380659541
1,3,0.17862986526536367,-0.5609748304808925,True,False,True,31-50,-0.806763380796033
1,2,2.3683418340955207,-0.5609748304808925,True,False,True,51-80,-0.5368057694182641
1,1,1.7114282434464734,0.6792945838081278,False,False,True,51-80,1.0306316027835163
1,1,0.4705914611093846,-0.5609748304808925,True,False,True,31-50,0.35915272270042775
0,3,-0.98921651811072,-0.5609748304808925,True,False,True,13-18,-0.7841792430073967
0,3,-0.7702453212277043,-0.5609748304808925,True,False,True,19-30,-0.2286058134653583
1,2,0.32461066318737414,-0.5609748304808925,False,False,True,31-50,-0.3336984726090336
1,1,0.6895626579924002,0.059159876663617696,False,False,True,31-50,1.1141402035210881
0,3,-0.9145625463067287,0.059159876663617696,False,False,False,13-18,-0.23138736843472296
1,3,0.17862986526536367,-0.5609748304808925,True,False,True,31-50,-0.798539974052802
1,2,-0.3323029274616729,0.6792945838081278,False,False,True,19-30,0.4870824563024251
1,1,0.6895626579924002,0.6792945838081278,False,False,False,31-50,1.812289926928167
0,2,1.7844186424074786,-0.5609748304808925,True,False,True,51-80,0.3444394801955362
0,1,0.4705914611093846,-0.5609748304808925,True,False,False,31-50,0.7789025328484201
0,3,0.0035146399013202567,-0.5609748304808925,True,False,False,19-30,-0.71123278673221
1,1,-0.8432357201887095,0.6792945838081278,False,False,True,13-18,1.4743073772537167
0,2,1.273485849680442,-0.5609748304808925,True,False,True,31-50,-0.19582465009716046
1,1,2.22236103617351,0.6792945838081278,True,False,False,51-80,1.4685301291949246
0,3,0.39760106214837937,-0.5609748304808925,True,False,True,31-50,-0.8955045384601199
1,1,1.6384378444854681,0.059159876663617696,False,False,False,51-80,1.4564440718289613
0,3,1.273485849680442,-0.5609748304808925,True,False,True,31-50,-0.8797405693934278
0,3,-0.2970871454029581,0.6792945838081278,False,True,False,19-30,-0.8189865811572414
0,2,0.5435818600703898,0.059159876663617696,True,False,True,31-50,0.3444394801955362
0,3,0.4705914611093846,0.6792945838081278,True,False,True,31-50,0.2711522804976662
1,2,-0.6536834457960159,-0.5609748304808925,False,False,True,19-30,0.5824597491940529
1,1,1.4194666476024524,0.059159876663617696,True,False,False,31-50,1.1326493972880125
1,2,-0.4052933264226781,1.299429290952638,False,False,True,19-30,0.3819897971587497
0,1,0.6581159611067006,-0.5609748304808925,True,False,True,31-50,0.8344967423387601
0,3,1.0545146527974265,-0.5609748304808925,True,False,True,31-50,-0.7841792430073967
1,1,0.39760106214837937,-0.5609748304808925,True,False,False,31-50,0.36526093570402607
0,3,0.4705914611093846,0.059159876663617696,True,False,True,31-50,-0.16092818251417132
0,3,0.03264906734335324,-0.5609748304808925,True,False,True,19-30,-0.8019236166026618
1,1,-0.18632212953966246,-0.5609748304808925,True,False,True,19-30,0.5036031274312862
1,2,-0.5512741243446886,1.299429290952638,False,False,False,19-30,0.8147822510349934
1,1,0.7625530569534055,-0.5609748304808925,False,False,True,31-50,2.14527242190355
0,3,-0.17228135198195335,-0.5609748304808925,True,False,True,19-30,-0.9050797531497118
1,2,-0.4052933264226781,1.299429290952638,False,False,True,19-30,1.2673242399099218
0,3,0.32461066318737414,0.6792945838081278,True,False,True,31-50,-0.23528881360946907
0,3,-0.25931252850066766,0.059159876663617696,False,False,True,19-30,-0.12717266791993012
1,2,-1.8651013056427825,1.299429290952638,False,False,True,0-12,0.750263780890198
0,2,-0.25931252850066766,-0.5609748304808925,True,False,True,19-30,-0.5368057694182641
0,3,-0.18632212953966246,0.059159876663617696,True,False,False,19-30,-0.23166125968823223
1,1,0.9085338548754159,0.059159876663617696,True,False,True,31-50,1.0515683442816504
1,3,-0.697254922266699,0.6792945838081278,True,False,False,19-30,-0.14903715526900022
0,3,-0.6242645233056938,-0.5609748304808925,True,False,True,19-30,-0.806763380796033
0,3,-0.6242645233056938,-0.5609748304808925,True,False,True,19-30,-0.12717266791993012
0,1,2.2953514351345152,-0.5609748304808925,True,False,True,51-80,0.5616248415955212
0,2,2.0033898392904943,-0.5609748304808925,True,True,False,51-80,-0.38278544498532663
1,1,-0.6242645233056938,-0.5609748304808925,False,False,True,19-30,1.452419049919151
0,3,-0.25931252850066766,-0.5609748304808925,True,False,True,19-30,-0.8019236166026618
0,3,-0.27554883724732715,-0.5609748304808925,True,True,False,19-30,-0.8209591021193487
0,3,1.565447445524463,-0.5609748304808925,True,False,True,51-80,-0.9045411875888885
1,1,0.17862986526536367,-0.5609748304808925,True,False,False,31-50,0.5036031274312862
0,3,-1.5001493108377566,2.5396987052416584,False,False,True,0-12,0.4146557174979072
0,2,0.10563946630435846,0.6792945838081278,True,False,True,31-50,0.35395586016517094
0,3,0.8355434559144107,2.5396987052416584,False,False,True,31-50,0.7678594338107121
0,3,-0.13071561059786954,0.059159876663617696,True,False,True,19-30,-0.12717266791993012
0,3,-2.011082103564793,2.5396987052416584,False,False,True,0-12,0.4146557174979072
1,3,-0.006881605871718492,-0.5609748304808925,True,False,True,19-30,1.1248955097361604
1,1,1.3464762486414472,0.059159876663617696,True,False,False,31-50,1.4362199751817062
1,1,1.930399440329489,-0.5609748304808925,True,False,False,51-80,0.6557188297748954
0,3,0.48311452813112254,-0.5609748304808925,True,False,True,31-50,-0.8428609376877135
1,3,-0.47828372538368336,-0.5609748304808925,False,False,True,19-30,-0.8428609376877135
1,2,-0.8432357201887095,0.059159876663617696,False,False,True,13-18,0.2228261499229997
0,3,-0.6242645233056938,-0.5609748304808925,True,False,True,19-30,-0.741349052303618
1,3,-0.6900603650196162,-0.5609748304808925,False,True,False,19-30,-0.809682843697731
0,3,-0.8432357201887095,-0.5609748304808925,False,True,False,13-18,-0.9442940832331417
0,2,-0.4052933264226781,0.6792945838081278,True,False,True,19-30,1.3924082286355355
0,3,0.17862986526536367,0.6792945838081278,False,True,False,31-50,-0.16405229962564447
0,2,-0.47828372538368336,-0.5609748304808925,True,False,True,19-30,-0.3336984726090336
0,1,2.0763802382514998,0.6792945838081278,True,False,False,51-80,1.834129231109428
1,1,1.4924570465634577,0.6792945838081278,True,False,True,31-50,2.003535801391161
0,3,0.7625530569534055,-0.5609748304808925,True,False,False,31-50,-0.8828741679067217
0,1,1.273485849680442,-0.5609748304808925,True,False,True,31-50,0.32854312829417104
0,3,0.4705914611093846,-0.5609748304808925,True,False,True,31-50,-0.8494271027413144
1,3,-0.697254922266699,0.059159876663617696,True,False,True,19-30,-0.798539974052802
0,2,0.17862986526536367,0.6792945838081278,True,False,True,31-50,1.3924082286355355
0,3,0.04163971989229676,-0.5609748304808925,True,False,True,31-50,-0.8160407306065733
0,3,0.9815242538364212,-0.5609748304808925,True,False,True,31-50,-0.7841792430073967
1,1,0.65978257521631,0.059159876663617696,False,False,True,31-50,1.0408277503255374
1,2,0.7625530569534055,0.6792945838081278,False,False,True,31-50,0.750263780890198
0,1,0.10563946630435846,0.059159876663617696,True,False,True,31-50,1.0408277503255374
0,2,2.952265025783562,-0.5609748304808925,True,False,True,51-80,-0.5368057694182641
1,2,0.10563946630435846,-0.5609748304808925,True,False,True,31-50,-0.3336984726090336
0,3,-0.8432357201887095,-0.5609748304808925,True,False,True,13-18,-0.8160407306065733
0,3,-0.3687981269421755,-0.5609748304808925,True,False,True,19-30,-0.7841792430073967
1,3,-0.8432357201887095,-0.5609748304808925,False,False,True,13-18,-0.597669953407196
0,3,-0.8652139403203011,-0.5609748304808925,False,True,False,13-18,-0.774244266805356
1,1,-0.18632212953966246,-0.5609748304808925,True,False,False,19-30,1.4362199751817062
0,3,-0.697254922266699,-0.5609748304808925,True,False,True,19-30,-0.658138561741074
0,2,2.22236103617351,0.6792945838081278,True,False,True,51-80,0.750263780890198
0,2,-0.3323029274616729,1.299429290952638,True,False,False,19-30,0.8147822510349934
0,3,-1.1351973160327304,2.5396987052416584,True,False,True,13-18,0.7678594338107121
0,3,-0.7702453212277043,-0.5609748304808925,True,False,True,19-30,-0.5667940759868451
0,3,-0.8432357201887095,-0.5609748304808925,True,False,True,13-18,-0.8135961720983267
1,1,-1.0622069170717252,0.059159876663617696,False,False,True,13-18,2.4738467350641637
1,1,0.10563946630435846,0.059159876663617696,True,False,True,31-50,1.1339105535671157
1,3,-1.8651013056427825,0.059159876663617696,False,False,False,0-12,-0.3034147385612252
0,3,-0.3323029274616729,-0.5609748304808925,True,False,False,19-30,-0.8828741679067217
0,1,2.22236103617351,-0.5609748304808925,True,False,True,51-80,0.36526093570402607
0,2,1.6384378444854681,-0.5609748304808925,True,False,True,51-80,-0.29746598596845064
1,3,-0.8480439627202656,-0.5609748304808925,False,True,False,13-18,-0.8209591021193487
0,1,1.4194666476024524,0.6792945838081278,True,False,False,31-50,1.812289926928167
0,3,0.9085338548754159,-0.5609748304808925,True,False,True,31-50,-0.830854756854953
1,1,-0.8432357201887095,0.059159876663617696,False,False,False,13-18,2.5497045522452972
1,1,0.39760106214837937,-0.5609748304808925,True,False,True,31-50,0.3553757823476229
0,3,-0.8432357201887095,0.059159876663617696,False,False,False,13-18,-0.23166125968823223
0,3,-0.3323029274616729,-0.5609748304808925,True,True,False,19-30,-0.8199664648688783
0,3,-0.25931252850066766,0.059159876663617696,True,False,True,19-30,-0.806763380796033
0,2,0.6895626579924002,-0.5609748304808925,True,False,True,31-50,0.3444394801955362
1,2,1.1275050517584315,-0.5609748304808925,False,False,True,31-50,-0.29746598596845064
1,1,0.9085338548754159,-0.5609748304808925,True,False,True,31-50,0.3553757823476229
1,1,-0.5512741243446886,-0.5609748304808925,False,False,True,19-30,2.132408321022389
1,1,-0.4052933264226781,-0.5609748304808925,False,False,False,19-30,0.9910237262754293
0,1,1.5309041352452082,-0.5609748304808925,True,False,True,51-80,0.36526093570402607
1,1,1.3464762486414472,0.059159876663617696,True,False,True,31-50,1.0408277503255374
0,3,-0.04034133161765199,-0.5609748304808925,True,False,True,19-30,-0.6323794480268654
0,2,1.6384378444854681,-0.5609748304808925,True,False,True,51-80,-0.3336984726090336
0,3,-0.7702453212277043,-0.5609748304808925,True,False,True,19-30,-0.830854756854953
1,1,0.616572259031395,-0.5609748304808925,False,False,False,31-50,2.5497045522452972
1,2,-0.18632212953966246,-0.5609748304808925,False,False,True,19-30,-0.5368057694182641
0,3,0.2258087447493434,-0.5609748304808925,True,True,False,31-50,-0.16405229962564447
0,3,0.2516202642263689,-0.5609748304808925,True,False,True,31-50,-0.8160407306065733
1,2,-1.7191205077207723,0.059159876663617696,False,False,True,0-12,0.5824597491940529
0,3,-0.9162261191497147,0.059159876663617696,True,False,True,13-18,-0.9045411875888885
0,2,0.32461066318737414,-0.5609748304808925,True,False,True,31-50,-0.3336984726090336
0,2,1.4924570465634577,-0.5609748304808925,True,False,True,31-50,-0.3336984726090336
1,1,-0.18632212953966246,0.059159876663617696,True,False,True,19-30,1.0620380556287106
0,3,-0.697254922266699,-0.5609748304808925,True,False,True,19-30,-0.7165619336211217
1,2,0.03264906734335324,1.299429290952638,False,False,True,19-30,0.1329851701219792
1,3,-0.8480439627202656,-0.5609748304808925,False,True,False,13-18,-0.8204626642072291
0,2,-0.3323029274616729,0.059159876663617696,True,False,True,19-30,0.3444394801955362
0,3,-0.3323029274616729,0.059159876663617696,False,False,True,19-30,-0.798539974052802
1,1,-0.04034133161765199,-0.5609748304808925,False,False,True,19-30,2.4738467350641637
0,3,-1.3541685129157461,-0.5609748304808925,True,False,False,0-12,0.023546289947323752
0,3,-0.07683653109815461,-0.5609748304808925,True,False,True,19-30,-0.12717266791993012
0,3,1.3464762486414472,1.9195639980971482,False,False,True,31-50,0.6233938271906204
1,1,1.660553935370652,-0.5609748304808925,True,False,True,51-80,0.4870824563024251
0,1,0.4705914611093846,0.059159876663617696,True,False,True,31-50,1.464014258564117
1,1,-0.6242645233056938,1.9195639980971482,False,False,False,19-30,2.6962534687059603
0,3,-0.4052933264226781,0.059159876663617696,True,False,True,19-30,-0.12717266791993012
1,3,0.10563946630435846,-0.5609748304808925,True,False,True,31-50,-0.798539974052802
0,1,2.952265025783562,0.6792945838081278,True,False,True,51-80,1.3571652197109427
0,3,-0.98921651811072,0.6792945838081278,True,False,True,13-18,0.0971716406458445
1,2,0.03264906734335324,-0.5609748304808925,False,False,True,19-30,-0.3336984726090336
0,1,-0.7702453212277043,0.059159876663617696,True,False,True,19-30,1.0620380556287106
0,3,0.10563946630435846,-0.5609748304808925,True,True,False,31-50,-0.8189865811572414
1,2,-1.8651013056427825,0.6792945838081278,False,False,True,0-12,0.2228261499229997
1,3,-1.7191205077207723,0.059159876663617696,True,False,True,0-12,-0.37316263612134226
0,3,0.2516202642263689,-0.5609748304808925,True,False,True,31-50,-0.6307359423566569
0,3,-0.47828372538368336,-0.5609748304808925,True,False,True,19-30,-0.8019236166026618
1,2,1.3464762486414472,1.299429290952638,False,False,True,31-50,1.2673242399099218
1,2,-2.10815933418293,0.6792945838081278,True,False,True,0-12,-0.2286058134653583
0,3,-0.11333173057865721,-0.5609748304808925,True,False,True,19-30,-0.8135961720983267
1,1,0.2516202642263689,-0.5609748304808925,False,False,True,31-50,1.5584783893656837
0,3,0.8355434559144107,-0.5609748304808925,True,False,True,31-50,-0.8955045384601199
1,3,-0.697254922266699,-0.5609748304808925,True,False,False,19-30,-0.8823470582632056
1,1,0.4705914611093846,1.299429290952638,False,False,True,31-50,1.8931715298766851
0,3,-0.98921651811072,-0.5609748304808925,True,False,True,13-18,-0.8160407306065733
1,1,1.565447445524463,0.059159876663617696,False,False,True,51-80,1.452419049919151
0,1,1.0676529246104074,-0.5609748304808925,True,False,False,31-50,0.7656365698356679
0,3,0.06914426682385585,-0.5609748304808925,False,True,False,31-50,-0.8189865811572414
0,3,0.2858251002950302,0.059159876663617696,True,True,False,31-50,0.2711522804976662
0,3,0.17862986526536367,-0.5609748304808925,True,False,True,31-50,-0.7491276790090223
0,3,-0.4052933264226781,-0.5609748304808925,True,False,True,19-30,-0.6307359423566569
0,3,1.3464762486414472,-0.5609748304808925,True,False,True,31-50,-0.806763380796033
0,2,2.0033898392904943,-0.5609748304808925,False,False,True,51-80,-0.5368057694182641
1,2,1.7844186424074786,1.9195639980971482,False,False,True,51-80,0.2228261499229997
0,3,-0.8432357201887095,-0.5609748304808925,True,False,True,13-18,-0.8189865811572414
1,3,-1.7921109066817775,-0.5609748304808925,False,False,True,0-12,-0.37316263612134226
0,3,-0.27554883724732715,-0.5609748304808925,True,True,False,19-30,-0.8204626642072291
1,1,0.9815242538364212,0.059159876663617696,False,False,True,31-50,2.4738467350641637
1,3,-1.2081877149937357,-0.5609748304808925,False,False,False,13-18,-0.8823470582632056
1,1,-0.9162261191497147,0.059159876663617696,False,False,True,13-18,1.1339105535671157
0,1,-0.04034133161765199,-0.5609748304808925,True,False,True,19-30,0.4870824563024251
0,3,-0.7535791801316082,1.299429290952638,True,False,True,19-30,0.24200663802437702
0,3,-0.3323029274616729,-0.5609748304808925,True,False,True,19-30,-0.9050797531497118
0,3,-0.3323029274616729,-0.5609748304808925,True,False,True,19-30,-0.8797405693934278
1,3,-0.8432357201887095,-0.5609748304808925,False,False,True,13-18,-0.8494271027413144
0,3,-1.5731397097987618,2.5396987052416584,True,True,False,0-12,0.457519539438721
1,3,-2.0840725025257982,1.299429290952638,True,False,True,0-12,0.11284358066326507
0,1,1.2004954507194368,-0.5609748304808925,True,False,False,31-50,1.4685301291949246
0,2,-0.98921651811072,-0.5609748304808925,True,False,True,13-18,0.3444394801955362
0,1,1.4136274156855722,-0.5609748304808925,True,False,False,31-50,0.5100012756239033
0,3,-0.3323029274616729,-0.5609748304808925,True,False,True,19-30,-0.8019236166026618
0,2,0.6895626579924002,-0.5609748304808925,True,False,True,31-50,-0.3336984726090336
1,1,1.4194666476024524,-0.5609748304808925,False,False,True,31-50,0.3417284274758476
1,3,0.10563946630435846,-0.5609748304808925,False,False,True,31-50,-0.7143416664249429
0,3,0.03264906734335324,-0.5609748304808925,True,False,False,19-30,-0.8823470582632056
0,3,0.03264906734335324,0.6792945838081278,False,False,True,19-30,0.2711522804976662
1,2,0.10563946630435846,0.6792945838081278,False,False,True,31-50,0.35395586016517094
1,1,-1.3541685129157461,1.299429290952638,True,False,True,0-12,1.8931715298766851
1,3,-2.1264069339231813,0.059159876663617696,True,False,False,0-12,-0.7322606388880221
1,3,-0.18632212953966246,-0.5609748304808925,True,False,True,19-30,-0.9147445967366699
0,3,0.10563946630435846,-0.5609748304808925,True,False,True,31-50,-0.8160407306065733
0,3,-0.8432357201887095,-0.5609748304808925,False,False,True,13-18,-0.8160407306065733
1,1,0.2516202642263689,0.059159876663617696,False,False,True,31-50,1.0620380556287106
0,3,-0.25931252850066766,-0.5609748304808925,True,False,True,19-30,-0.802887432760349
0,3,0.6895626579924002,-0.5609748304808925,True,False,True,31-50,0.2711522804976662
0,2,0.39760106214837937,-0.5609748304808925,True,False,True,31-50,-0.5368057694182641
0,3,0.06914426682385585,-0.5609748304808925,True,False,True,31-50,-0.7841792430073967
0,3,-0.47828372538368336,-0.5609748304808925,False,False,True,19-30,-0.798539974052802
0,2,0.10563946630435846,0.6792945838081278,True,False,False,31-50,0.6974165471111633
0,3,0.9815242538364212,-0.5609748304808925,True,False,True,31-50,-0.9850567418873891
0,3,-1.4271589118767514,2.5396987052416584,True,False,True,0-12,0.4146557174979072
1,1,1.6384378444854681,0.6792945838081278,False,False,True,51-80,1.6379421972192298
1,3,-0.18632212953966246,-0.5609748304808925,True,False,True,19-30,-0.7165619336211217
1,3,-0.18632212953966246,0.059159876663617696,False,False,True,19-30,-0.37316263612134226
0,3,-2.011082103564793,2.5396987052416584,True,False,True,0-12,0.7678594338107121
0,3,-0.37884038933256037,-0.5609748304808925,True,True,False,19-30,-0.9179864201772276
0,3,-0.006881605871718492,-0.5609748304808925,True,False,True,19-30,1.1248955097361604
1,2,-2.0840725025257982,0.6792945838081278,True,False,False,0-12,0.6974165471111633
1,3,1.0762778119320806,-0.5609748304808925,True,True,False,31-50,-0.8189865811572414
1,1,2.3683418340955207,-0.5609748304808925,False,False,True,51-80,1.4787785499834798
1,3,-1.0622069170717252,0.059159876663617696,False,False,False,13-18,-0.23166125968823223
1,2,-2.0964808703491693,0.6792945838081278,True,False,True,0-12,0.021587667954472933
0,3,-0.47828372538368336,-0.5609748304808925,True,False,True,19-30,-0.806763380796033
0,3,-0.8432357201887095,-0.5609748304808925,True,False,True,13-18,-0.7560434444325566
1,1,0.6895626579924002,0.6792945838081278,False,False,False,31-50,1.5182728441543658
0,3,-0.6242645233056938,-0.5609748304808925,True,False,True,19-30,-0.7165619336211217
1,1,1.540630709877721,-0.5609748304808925,True,False,False,51-80,0.4770416648490861
0,3,-0.697254922266699,-0.5609748304808925,True,False,True,19-30,-0.798539974052802
0,2,-0.98921651811072,-0.5609748304808925,True,False,True,13-18,-0.5368057694182641
1,1,0.03264906734335324,-0.5609748304808925,False,False,False,19-30,0.5198636196706229
0,3,0.36110586266787675,-0.5609748304808925,True,False,False,31-50,-0.9867906128533871
0,3,0.9085338548754159,-0.5609748304808925,True,False,True,31-50,-0.8428609376877135
0,3,0.39760106214837937,-0.5609748304808925,True,False,False,31-50,-0.8019236166026618
0,2,-0.11333173057865721,0.059159876663617696,True,False,True,19-30,0.5824597491940529
1,1,0.4059949580288951,0.059159876663617696,False,False,False,31-50,1.588760118059578
0,3,-1.5001493108377566,0.6792945838081278,False,False,False,0-12,-0.1800831698720664
1,1,-0.98921651811072,0.059159876663617696,False,False,True,13-18,0.7605376956829671
0,2,1.0545146527974265,0.059159876663617696,False,False,True,31-50,0.3444394801955362
1,3,-0.8432357201887095,0.059159876663617696,False,False,True,13-18,-0.6455926003653025
1,1,1.1275050517584315,0.6792945838081278,False,False,True,31-50,2.218822021910339
1,1,1.565447445524463,-0.5609748304808925,True,False,True,51-80,0.36526093570402607
1,3,-0.4052933264226781,1.299429290952638,False,False,False,19-30,0.047825129435189045
0,3,0.8355434559144107,0.6792945838081278,True,False,True,31-50,-0.2550339477875714
0,2,-0.6242645233056938,0.059159876663617696,True,False,True,19-30,-0.4507125974257932
1,1,1.3464762486414472,-0.5609748304808925,False,False,True,31-50,0.3417284274758476
0,2,-0.4052933264226781,-0.5609748304808925,True,False,True,19-30,-0.3336984726090336
1,2,0.9085338548754159,-0.5609748304808925,False,False,True,31-50,-0.3336984726090336
1,2,-0.18632212953966246,0.059159876663617696,False,False,False,19-30,-0.272262193114855
0,1,0.10563946630435846,-0.5609748304808925,True,False,True,31-50,1.0110997852233976
0,3,-0.25781906894383705,-0.5609748304808925,True,False,True,19-30,-0.6307359423566569
1,3,-1.8651013056427825,0.6792945838081278,True,False,True,0-12,-0.48145578049281335
1,1,1.273485849680442,0.6792945838081278,False,False,True,31-50,1.0515683442816504
0,1,0.2516202642263689,-0.5609748304808925,True,False,True,31-50,-1.208550389612567
0,3,1.273485849680442,-0.5609748304808925,True,False,True,31-50,-0.6811127586453682
1,2,-0.11333173057865721,0.059159876663617696,False,False,False,19-30,0.26497567234198965
1,3,-1.0622069170717252,-0.5609748304808925,False,False,False,13-18,-0.8828741679067217
0,3,-0.697254922266699,-0.5609748304808925,True,False,True,19-30,-0.5972795597045879
1,1,1.930399440329489,0.059159876663617696,False,False,False,51-80,1.5182728441543658
1,2,-0.3323029274616729,0.059159876663617696,False,False,True,19-30,0.3444394801955362
0,3,0.2516202642263689,-0.5609748304808925,True,False,True,31-50,-0.8019236166026618
0,3,-0.5512741243446886,-0.5609748304808925,False,False,True,19-30,-0.5353074585700541
0,2,-0.11333173057865721,-0.5609748304808925,True,False,True,19-30,-0.5368057694182641
0,3,0.6895626579924002,2.5396987052416584,False,True,False,31-50,0.457519539438721
1,1,-0.7702453212277043,-0.5609748304808925,False,False,True,19-30,0.4870824563024251
0,3,-1.0109919871340867,1.299429290952638,False,False,True,13-18,0.24200663802437702
1,1,-0.25931252850066766,-0.5609748304808925,True,False,False,19-30,0.4870824563024251
0,3,0.17862986526536367,-0.5609748304808925,True,True,False,31-50,-0.8189865811572414
